{
  "Logistic Regression": {
    "accuracy": 0.8734177215189873,
    "precision": 0.8235294117647058,
    "recall": 0.6666666666666666,
    "f1_score": 0.7368421052631579,
    "roc_auc": 0.8817733990147782,
    "confusion_matrix": [
      [
        55,
        3
      ],
      [
        7,
        14
      ]
    ],
    "true_negatives": 55,
    "false_positives": 3,
    "false_negatives": 7,
    "true_positives": 14,
    "best_params": {
      "C": 1,
      "max_iter": 1000,
      "penalty": "l2",
      "solver": "lbfgs"
    },
    "feature_importance": {}
  },
  "Random Forest": {
    "accuracy": 0.8860759493670886,
    "precision": 0.8,
    "recall": 0.7619047619047619,
    "f1_score": 0.7804878048780488,
    "roc_auc": 0.9318555008210181,
    "confusion_matrix": [
      [
        54,
        4
      ],
      [
        5,
        16
      ]
    ],
    "true_negatives": 54,
    "false_positives": 4,
    "false_negatives": 5,
    "true_positives": 16,
    "best_params": {
      "max_depth": 5,
      "min_samples_leaf": 1,
      "min_samples_split": 2,
      "n_estimators": 50
    },
    "feature_importance": {
      "Pregnancies": 0.04485855839858447,
      "Glucose": 0.5071091173380451,
      "BloodPressure": 0.05093815623705925,
      "SkinThickness": 0.0493485812610138,
      "Insulin": 0.05694646262445647,
      "BMI": 0.10598771283548754,
      "DiabetesPedigreeFunction": 0.04560828782634271,
      "Age": 0.1392031234790108
    }
  },
  "Support Vector Machine": {
    "accuracy": 0.8860759493670886,
    "precision": 0.875,
    "recall": 0.6666666666666666,
    "f1_score": 0.7567567567567568,
    "roc_auc": 0.8801313628899835,
    "confusion_matrix": [
      [
        56,
        2
      ],
      [
        7,
        14
      ]
    ],
    "true_negatives": 56,
    "false_positives": 2,
    "false_negatives": 7,
    "true_positives": 14,
    "best_params": {
      "C": 10,
      "gamma": "scale",
      "kernel": "linear"
    },
    "feature_importance": {}
  },
  "XGBoost": {
    "accuracy": 0.8987341772151899,
    "precision": 0.8421052631578947,
    "recall": 0.7619047619047619,
    "f1_score": 0.8,
    "roc_auc": 0.9408866995073891,
    "confusion_matrix": [
      [
        55,
        3
      ],
      [
        5,
        16
      ]
    ],
    "true_negatives": 55,
    "false_positives": 3,
    "false_negatives": 5,
    "true_positives": 16,
    "best_params": {
      "learning_rate": 0.2,
      "max_depth": 7,
      "n_estimators": 50,
      "subsample": 1.0
    },
    "feature_importance": {
      "Pregnancies": 0.06517208367586136,
      "Glucose": 0.5200228095054626,
      "BloodPressure": 0.059825148433446884,
      "SkinThickness": 0.049562979489564896,
      "Insulin": 0.037042658776044846,
      "BMI": 0.08358662575483322,
      "DiabetesPedigreeFunction": 0.04485633596777916,
      "Age": 0.13993138074874878
    }
  },
  "training_info": {
    "date": "2026-02-22T22:09:51.017820",
    "test_size": 0.2,
    "cv_folds": 5,
    "random_state": 42,
    "feature_columns": [
      "Pregnancies",
      "Glucose",
      "BloodPressure",
      "SkinThickness",
      "Insulin",
      "BMI",
      "DiabetesPedigreeFunction",
      "Age"
    ]
  }
}